<?xml version="1.0" encoding="utf-8" ?>
<resources>
<version>1.0</version>
<author>jrf</author>
<Items>
<item key="init" zh="选择语言" en="Choose language" de="Sprache wählen" fr="Choisissez la langue" it="Seleziona la lingua" ru="Выберите язык"/>
<item key="zh" zh="简体中文" en="简体中文" de="简体中文" fr="简体中文" it="简体中文" ru="简体中文"/>
<item key="en" zh="English" en="English" de="Englisch" fr="English" it="English" ru="English"/>
<item key="de" zh="Deutsch" en="Deutsch" de="Deutsch" fr="Deutsch" it="Deutsch" ru="Deutsch"/>
<item key="fr" zh="Français" en="Français" de="Français" fr="Français" it="Français" ru="Français"/>
<item key="it" zh="Italiano" en="Italiano" de="Italiano" fr="Italiano" it="Italiano" ru="Italiano"/>
<item key="ru" zh="Русский" en="Русский" de="Русский" fr="Русский" it="Русский" ru="Русский"/>
<item key="NoticeInfo001" zh="账号或密码不能为空" en="Account or password can't be empty" de="Konto oder Passwort dürfen nicht leer sein" fr="Le compte ou le mot de passe ne peut pas être vide" it="L'account o la password non possono essere vuoti" ru="Аккаунт или пароль не могут быть пустыми"/>
<item key="NoticeInfo002" zh="账号或密码错误" en="Incorrect account or password" de="Falsches Konto oder Passwort" fr="Compte ou mot de passe incorrect" it="Account o password errati" ru="Неверный аккаунт или пароль"/>
<item key="NoticeInfo003" zh="登录成功！" en="Login successfully!" de="Melden Sie sich erfolgreich an!" fr="Connectez-vous avec succès!" it="Accedi con successo!" ru="Войти успешно!"/>
<item key="NoticeInfo004" zh="请输入正确的邮箱地址" en="Please enter the correct email address" de="Bitte geben Sie die richtige E-Mail-Adresse ein" fr="Veuillez saisir l'adresse e-mail correcte" it="Inserire l'indirizzo e-mail corretto" ru="Пожалуйста, введите правильный адрес электронной почты"/>
<item key="NoticeInfo005" zh="验证码不能为空" en="The verification code can't be empty" de="Der Bestätigungscode darf nicht leer sein" fr="Le code de vérification ne peut pas être vide" it="Il codice di verifica non può essere vuoto" ru="Код подтверждения не может быть пустым"/>
<item key="NoticeInfo006" zh="验证码已发送请注意查收!" en="The verification code has been sent, please check it!" de="Der Bestätigungscode wurde gesendet, bitte überprüfen Sie ihn!" fr="Le code de vérification a été envoyé, veuillez le vérifier!" it="Il codice di verifica è stato inviato, per favore controlla!" ru="Код подтверждения отправлен, пожалуйста, проверьте его!"/>
<item key="NoticeInfo007" zh="恭喜，邮箱绑定成功!" en="Congratulations, the email binding is successful!" de="Herzlichen Glückwunsch, die E-Mail-Bindung ist erfolgreich!" fr="Félicitations, la liaison par e-mail est réussie!" it="Congratulazioni, l'associazione e-mail ha avuto successo!" ru="Поздравляем, привязка электронной почты прошла успешно!"/>
<item key="NoticeInfo008" zh="服务端TOKEN超出有效时间，请尝试重新打开应用" en="The server TOKEN exceeds the valid time, please try to reopen the app" de="Der Server-Token überschreitet die gültige Zeit. Bitte versuchen Sie, die App erneut zu öffnen" fr="Le TOKEN du serveur dépasse la durée de validité, veuillez essayer de rouvrir l'application" it="Il server TOKEN supera il tempo valido, prova a riaprire l'app" ru="Сервер TOKEN превышает допустимое время, пожалуйста, попробуйте снова открыть приложение"/>
<item key="NoticeInfo009" zh="账号格式不正确" en="Account format is incorrect" de="Das Kontoformat ist falsch" fr="Le format du compte est incorrect" it="Il formato dell'account non è corretto" ru="Неверный формат аккаунта"/>
<item key="NoticeInfo010" zh="密码格式不正确" en="Password format is incorrect" de="Das Passwortformat ist falsch" fr="Le format du mot de passe est incorrect" it="Il formato della password non è corretto" ru="Неверный формат пароля"/>
<item key="NoticeInfo011" zh="* 账号由6-30位英文字母，数字组成或者一个邮箱地址" en="* The account consists of 6-30 English letters and numbers or an email address" de="* Das Konto besteht aus 6-30 englischen Buchstaben und Zahlen oder einer E-Mail-Adresse" fr="* Le compte se compose de 6 à 30 lettres et chiffres anglais ou d'une adresse e-mail" it="*  L'account è composto da 6-30 lettere e numeri inglesi o un indirizzo e-mail" ru="* Счет состоит из 6-30 английских букв и цифр или адреса электронной почты."/>
<item key="NoticeInfo012" zh="* 密码由6-30位英文字母，数字组成" en="* The password consists of 6-30 English letters and numbers" de="* Das Passwort besteht aus 6-30 englischen Buchstaben und Zahlen" fr="* Le mot de passe se compose de 6 à 30 lettres et chiffres anglais" it="* La password è composta da 6-30 lettere e numeri inglesi" ru="* Пароль состоит из 6-30 английских букв и цифр"/>
<item key="NoticeInfo013" zh="恭喜！账号注册成功" en="Congratulations! Account register successfully" de="Herzlichen Glückwunsch! Konto erfolgreich registrieren" fr="Félicitations! Enregistrement du compte réussi" it="Congratulazioni! Registrazione del conto avvenuta con successo" ru="Поздравляем! Аккаунт успешно зарегистрирован"/>
<item key="NoticeInfo014" zh="请稍后！账号密码正在获取中" en="Please wait! Account password is gettingv" de="Bitte warten! Das Passwort für das Konto wird abgerufen" fr="Veuillez patienter! Le mot de passe du compte devient" it="Per favore aspetta! La password dell'account sta ottenendo" ru="Пожалуйста, подождите! Пароль учетной записи становится"/>
<item key="NoticeInfo015" zh="请阅读协议并勾选同意" en="Please read the agreement and click to agree" de="Bitte lesen Sie die Vereinbarung und klicken Sie, um zuzustimmen" fr="Veuillez lire l'accord et cliquer pour accepter" it="Leggere l'accordo e fare clic per accettare" ru="Пожалуйста, прочитайте соглашение и нажмите, чтобы согласиться"/>
<item key="NoticeInfo016" zh="请输入正确的账号" en="Please enter the correct account." de="Falsches Format des Konto" fr="Format de compte d'utilisateur incorrect" it="Si prega di inserire l'account corretto" ru="Пожалуйста, введите правильный аккаунт"/>
<item key="NoticeInfo017" zh="密码必须由英文字母，数字或特殊符号组成" en="Password must be composed of English letters, numbers or special symbols." de="Das Passwort besteht aus Buchstaben, Zahlen und englischen Symbolen, ca. 6 bis 30 Zeichen" fr="Le mot de passe est composé de lettres, de chiffres et de symboles anglais d'environ 6 à 30 caractères" it="La password deve essere composta da lettere, numeri e simboli inglesi, tra 6 a 30 caratteri" ru="Пароль состоит из букв, цифр и английских символов, от 6 до 30 символов"/>
<item key="NoticeInfo018" zh="两次密码不一致，请重新输入！" en="Passwords are inconsistent twice. Please re-enter!" de="Die beiden Passwörter stimmen nicht überein, bitte erneut eingeben!" fr="Les mots de passe ne sont pas identiques deux fois, Veuillez les saisir à nouveau!" it="Le password non sono coerenti. reimmetterle!" ru="Дважды пароль не совпадает, введите его снова!"/>
<item key="NoticeInfo019" zh="返回注册" en="Back to sign up" de="Zurück zur Registrieren" fr="Revenir à l'inscription" it="Torna alla registrazione" ru="Вернуться к подписке" ko="등록으로 돌아 가기"/>
<item key="NoticeInfo020" zh="邮箱不可为空" en="Email cannot be null." de="E-Mail kann nicht null sein." fr="L'e-mail ne peut pas être nul." it="L'email non può essere nulla." ru="Электронная почта не может быть нулевой." ko="이메일 주소가 비여져있으면 안됩니다"/>
<item key="NoticeInfo021" zh="手机号不可为空" en="Mobile phone cannot be null." de="Das Mobiltelefon kann nicht null sein." fr="Le numéro de téléphone portable ne peut pas être vide" it="Il telefono cellulare non può essere nullo." ru="Мобильный телефон не может быть нулевым." ko="핸드폰번호가 비어 있으면 안됩니다"/>
<item key="NoticeInfo022" zh="账号已存在。请重新输入其它账号进行注册" en="Account already existed. Please enter another account to Sign up" de="Konto existierte bereits. Bitte geben Sie ein anderes Konto ein, um sich anzumelden" fr="Le compte existait déjà. Veuillez entrer un autre compte pour vous inscrire" it="Account già esistente. Inserisci un altro account per registrarti" ru="Аккаунт уже существует. Пожалуйста, введите другую учетную запись, чтобы зарегистрироваться" ko="계정이 이미 존재합니다. 가입하려면 다른 계정을 입력하십시오"/>
<item key="NoticeInfo023" zh="请输入正确的邮箱地址" en="Email format error." de="Bitte stelle sicher, dass du die richtige E-Mail-Adresse eingibst" fr="Veuillez saisir l'adresse e-mail correcte" it="Assicurati che l'indirizzo email sia corretto" ru="Убедитесь, что введенный адрес электронной почты верный" ko="정확한 이메일주소를 입력해 주십시오"/>
<item key="NoticeInfo024" zh="验证码错误" en="Validation code error." de="Validierungscodefehler." fr="Erreur de code de validation." it="Errore del codice di convalida." ru="Ошибка кода подтверждения." ko="인증코드 오류"/>
<item key="NoticeInfo025" zh="请阅读并同意《用户协议及隐私策略》" en="Please read and agree to the user agreement and privacy policy" de="Bitte lesen und akzeptieren Sie die Benutzervereinbarung und Datenschutzrichtlinie" fr="Veuillez lire et accepter les Conditions d’utilisation et la Politique de confidentialité" it="Si prega di leggere e accettare i Termini di servizio e l'Informativa sulla privacy" ru="Пожалуйста, прочтите и примите Условия обслуживания и Политику конфиденциальности" ko="사용자 프로토콜 및 프라이버시 정책을 읽고 동의하십시오."/>
	
<item key="UserName" zh="请输入账号" en="Please enter account" de="Bitte gib dein Login-Konto ein" fr="Veuillez saisir le compte" it="Numero di conto" ru="Пожалуйста, введите учетную запись"/>
<item key="Password" zh="请输入密码" en="Please enter password" de="Bitte gib dein Login-Passwort ein" fr="Veuillez saisir le mot de passe" it="Numero di password" ru="Пожалуйста, введите пароль"/>
<item key="RememberPw" zh="记住密码" en="Remember password" de="Kennwort speichern" fr="Mot de passe oublié" it="Password dimenticata" ru="Забудьте пароль"/>
<item key="ForgetPw" zh="忘记密码？" en="Forgot password?" de="Passwort vergessen?" fr="Mot de passe oublié?" it="Password dimenticato?" ru="Забыли пароль?"/>
<item key="Login" zh="登录" en="Login" de="Anmelden" fr="Se connecter" it="Accedi" ru="Войти"/>
<item key="Visitor" zh="游客登录" en="Visitor" de="Als Besucher anmelden" fr="Connexion invité" it="Accedi come visitatore" ru="Войти как посетитель"/>
<item key="Register" zh="账号注册" en="Sign up" de="Registrieren" fr="Enregistrement" it="Registrazione" ru="Регистрация"/>
<item key="GuAccount" zh="游客账号" en="Account" de="Besucher-Konto" fr="Compte visiteur" it="Account visitatore" ru="Учетная запись посетителя"/>
<item key="GuPassword" zh="游客密码" en="Password" de="Besucher-Passwort" fr="Mot de passe visiteur" it="Password visitatore" ru="Пароль посетителя"/>
<item key="OtherLogin" zh="其他登录方式" en="Other login methods" de="Andere Anmeldemethoden" fr="Autres méthodes de connexion" it="Altri metodi di accesso" ru="Другие способы входа"/>
<item key="GUClause" zh="游客账号不易保管，建议您注册正式账号或及时绑定账号" en="A formal account or account binding is highly recommended." de="Es ist nicht sicher, ein Besucherkonto aufzubewahren. Es wird empfohlen, ein offizielles Konto zu registrieren oder das Konto rechtzeitig zu verknüpfen" fr="Il n'est pas prudent de garder le compte visiteur. Il est recommandé de créer un compte officiel ou de le lier à temps" it="Gli account visitatori non sono facili da mantenere, si consiglia di registrarsi per un account ufficiale o di associarne uno" ru="Держать учетную запись посетителя небезопасно. Рекомендуется зарегистрировать официальную учетную запись или вовремя привязать учетную запись"/>
<item key="SignInSwitch" zh="切换账号" en="Switch" de="Konto wechseln" fr="Changer de compte" it="Cambia account" ru="Сменить аккаунт"/>
<item key="SignInContinue" zh="继续登录" en="Continue" de="Weiter zum Anmelden" fr="Continuer à connecter" it="Continua ad accedere" ru="Продолжить для входа"/>
<item key="PersonalCenter" zh="个人中心" en="User center" de="Persönliche Info" fr="Centre personnel" it="Centro personale" ru="Персональный центр"/>
<item key="BindHint" zh="安全提醒：您的账号目前尚未绑定邮箱，将无法找回密码" en="Notice: Your account haven't bound with email." de="Tipps: Um die Sicherheit des Kontos zu gewährleisten." fr="Rappel de sécurité: votre compte n'a pas été lié à l'email, vous ne pourrez pas récupérer votre mot de passe." it="Promemoria di sicurezza: il tuo account non è associato al tuo indirizzo e-mail e non sarai in grado di recuperare la password." ru="Ваша учетная запись не привязана к вашему адресу электронной почты, вы не сможете восстановить пароль."/>
<item key="BindNotice" zh="注意：您的账号未绑定任何邮箱或手机号码。请" en="Notice: Your account has not been connected to any Email or Mobile Phone. Please" de="Hinweis: Ihr Konto wurde mit keiner E-Mail verbunden. Bitte" fr="Attention: votre compte n'a été connecté à aucun e-mail ou numéro de portable. S'il vous plaît" it="Avviso: il tuo account non è stato collegato a nessuna email. per favore" ru="Примечание: ваша учетная запись не связана ни с одним электронным письмом. Пожалуйста" ko="주의:이메일이나 휴대폰에 계정이 결합되어 있지 않습니다"/>
<item key="BindEmail" zh="绑定邮件" en="Connect Email" de="E-Mail Binden" fr="Lier l'e-mail" it="Associa Email" ru="Привязать электронную почту" ko="이메일 바인딩"/>
<item key="BindPhon" zh="绑定手机号码" en="Connect Mobile Phone" de="Handy verbinden" fr="Connecter un téléphone portable" it="Collega il telefono cellulare" ru="Подключить мобильный телефон" ko="휴대폰 번호를 바인딩하세요"/>
<item key="SwitchAccount" zh="切换账号" en="Switch" de="Konto wechseln" fr="Changer de compte" it="Cambia account" ru="Сменить аккаунт" ko="게임계정 스위치"/>
<item key="EnterGame" zh="进入游戏" en="Enter game" de="Spiel betreten" fr="Entrer dans le jeu" it="Partecipa al gioco" ru="Войти в игру" ko="게임 시작"/>
<item key="OrBindTips" zh="或" en="or" de="oder" fr="ou" it="o" ru="или же" ko="혹은"/>
<item key="GetCode" zh="获取验证码" en="Get code" de="Senden" fr="Envoyer" it="invia" ru="Отправить" ko="코드 받"/>
<item key="Confirm" zh="确定" en="OK" de="OK" fr="OK" it="OK" ru="OK" ko="OK"/>
	
<item key="Anti_addition_title" zh="实名认证系统" en="Real-name Certification System" de="Real-name Certification System" fr="Real-name Certification System" it="Real-name Certification System" ru="Real-name Certification System" ko="Real-name Certification System"/>
<item key="CertTipsTextBlock" zh="根据国家新闻出版署《关于进一步严格管理 切实防止未成年人沉迷网络游戏的通知》规定，您必须完成实名登记，才能进入游戏，未认证用户将无法进入游戏。我们不会泄露您的认证信息，或将其用于其他用途。" en="According to the relevant regulations of the National Press and Publication Administration to online games, you must complete real-name registration to access the game. Unverified users will not be permitted to enter the game. We assure you that your authentication information will not be disclosed or used for other purposes." de="According to the relevant regulations of the National Press and Publication Administration to online games, you must complete real-name registration to access the game. Unverified users will not be permitted to enter the game. We assure you that your authentication information will not be disclosed or used for other purposes." fr="According to the relevant regulations of the National Press and Publication Administration to online games, you must complete real-name registration to access the game. Unverified users will not be permitted to enter the game. We assure you that your authentication information will not be disclosed or used for other purposes." it="According to the relevant regulations of the National Press and Publication Administration to online games, you must complete real-name registration to access the game. Unverified users will not be permitted to enter the game. We assure you that your authentication information will not be disclosed or used for other purposes." ru="According to the relevant regulations of the National Press and Publication Administration to online games, you must complete real-name registration to access the game. Unverified users will not be permitted to enter the game. We assure you that your authentication information will not be disclosed or used for other purposes." ko="According to the relevant regulations of the National Press and Publication Administration to online games, you must complete real-name registration to access the game. Unverified users will not be permitted to enter the game. We assure you that your authentication information will not be disclosed or used for other purposes."/>
<item key="CertRealNameLeftTextBlock" zh="姓        名" en="Your name" de="Your name" fr="Your name" it="Your name" ru="Your name" ko="Your name"/>
<item key="CertRealNameTextBlock" zh="请输入姓名" en="Please enter your full name" de="Please enter your full name" fr="Please enter your full name" it="Please enter your full name" ru="Please enter your full name" ko="Please enter your full name"/>
<item key="CardType_MainlandIdCard" zh="身份证" en="Id card" de="Id card" fr="Id card" it="Id card" ru="Id card" ko="Id card"/>
<item key="CardType_CardIdNum" zh="证件号码" en="Identification Number" de="Identification Number" fr="Identification Number" it="Identification Number" ru="Identification Number" ko="Identification Number"/>
<item key="CertCardIdTextBlock" zh="请输入证件号码" en="Please enter your card id" de="Please enter your card id" fr="Please enter your card id" it="Please enter your card id" ru="Please enter your card id" ko="Please enter your card id"/>
<item key="ChoseCardIdType" zh="证件类型" en="Type of ID" de="Type of ID" fr="Type of ID" it="Type of ID" ru="Type of ID" ko="Type of ID"/>
<item key="CertSubmitButton" zh="提交认证" en="Submit" de="Submit" fr="Submit" it="Submit" ru="Submit" ko="Submit"/>
<item key="CardType_MainlandIdCard_error" zh="身份证号错误" en="Invalid card id" de="Invalid card id" fr="Invalid card id" it="Invalid card id" ru="Invalid card id" ko="Invalid card id"/>
<item key="Card_error" zh="您当前填写的身份信息有误，请核实身份信息后再次进行实名认证，感谢配合。" en="The identity information you have entered is incorrectly. Please verify your identity information and try the real-name authentication again. Thank you for your cooperation." de="Das Format Ihrer aktuellen Identitätsinformationen ist falsch. Bitte überprüfen Sie Ihre Identitätsinformationen und führen Sie erneut Echtnamen-Authentifizierung durch. Vielen Dank für Ihre Mitarbeit." fr="Il y a une erreur dans le format des informations d'identité que vous remplissez actuellement. Veuillez vérifier les informations d'identité et procéder à l'authentification du nom réel à nouveau. Merci pour votre coopération." it="Il formato delle informazioni di identità attuali non è corretto. Si prega di verificare le informazioni di identità e di effettuare nuovamente l'autenticazione del nome reale. Grazie per la collaborazione." ru="В настоящее время вы вводите неверный формат идентифицирующей информации, проверьте идентификационную информацию и проверьте подлинное имя, спасибо за сотрудничество." ko="코드 받"/>
<item key="Card_IsMinority1" zh="根据国家新闻出版署《关于进一步严格管理 切实防止未成年人沉迷网络游戏的通知》规定，经过对您身份信息的验证，" en="According to the relevant policy regulations of the National Press and Publication Administration, after verification of your identity information" de="According to the relevant policy regulations of the National Press and Publication Administration, after verification of your identity information" fr="According to the relevant policy regulations of the National Press and Publication Administration, after verification of your identity information" it="According to the relevant policy regulations of the National Press and Publication Administration, after verification of your identity information" ru="According to the relevant policy regulations of the National Press and Publication Administration, after verification of your identity information" ko="According to the relevant policy regulations of the National Press and Publication Administration, after verification of your identity information"/>
<item key="Card_IsMinority2" zh="您提交的实名信息属于未成年人" en="Your submitted info indicates a minor" de="Your submitted info indicates a minor" fr="Your submitted info indicates a minor" it="Your submitted info indicates a minor" ru="Your submitted info indicates a minor" ko="Your submitted info indicates a minor"/>
<item key="Card_IsMinority3" zh="您将无法进行游戏，点击确定后将关闭游戏。" en="You can't play. Clicking OK will close the game." de="You can't play. Clicking OK will close the game." fr="You can't play. Clicking OK will close the game." it="You can't play. Clicking OK will close the game." ru="You can't play. Clicking OK will close the game." ko="You can't play. Clicking OK will close the game."/>
	
<item key="SignInMobile" zh="请输入手机号码" en="Please enter mobile phone" de="Bitte geben Sie das Handy ein" fr="Veuillez entrer le téléphone portable" it="Si prega di inserire il cellulare" ru="Пожалуйста, введите мобильный телефон" ko="휴대폰을 입력하세요"/>
<item key="RegisterUserName" zh="账号/邮箱" en="Account/Email" de="Bitte gib dein Login-Konto ein" fr="Veuillez saisir le compte" it="Numero di conto" ru="Пожалуйста, введите учетную запись"/>
<item key="RegisterPassword" zh="请输入密码" en="Please enter password" de="Bitte gib dein Login-Passwort ein" fr="Veuillez saisir le mot de passe" it="Numero di password" ru="Пожалуйста, введите пароль"/>
<item key="RegisterPasswordAgain" zh="请再次输入密码" en="Please enter the password again" de="Geben Sie das Passwort erneut ein." fr="Veuillez saisir à nouveau votre mot de passe" it="Immettere nuovamente la password" ru="Введите пароль еще раз"/>
<item key="RegisterSignIn" zh="注册账号" en="Sign up" de="Registrieren" fr="Enregistrement" it="Registrazione" ru="Регистрация" ko="가입"/>
<item key="NormalLogin" zh="账号登录" en="Log in" de="Anmelden" fr="Se connecter" it="Accedi" ru="Войти" ko="로그인"/>
<item key="SignUp" zh="注册并登录" en="Sign up and log in" de="Registrieren und Anmelden" fr="Inscription et connexion" it="Registrazione e login" ru="Зарегистрируйтесь и войдите"/>
<item key="SignUpClause" zh="我已阅读并同意" en="I have read and agree to" de="Ich habe gelesen und bin damit einverstanden" fr="J'ai lu et j'accepte" it="Ho letto e accetto" ru="Я прочитал и согласен с"/>
<item key="UserAgreement" zh="《用户协议》" en="&lt;User Agreement&gt;" de="&lt;die Benutzervereinbarung&gt;" fr="&lt;le contrat d'utilisation&gt;" it="&lt;le Condizioni d'uso&gt;" ru="&lt;Пользовательским соглашением&gt;"/>
<item key="PrivacyAgreement" zh="《隐私政策》" en="&lt;Privacy Policy&gt;" de="&lt;die Datenschutzerklärung&gt;" fr="&lt;la politique de confidentialité&gt;" it="&lt;l'informativa sulla privacy&gt;" ru="&lt;Политикой конфиденциальности&gt;"/>
<item key="And" zh="和" en="and" de="und" fr="et" it="e" ru="и"/>
<item key="BEInputEmail" zh="请输入需绑定的邮箱地址" en="Enter Your Email" de="E-Mail" fr="E-Mail" it="E-Mail" ru="Адрес электронной почты"/>
<item key="BEMobile" zh="请输入需绑定的手机号码" en="Enter Your Mobile Phone" de="Gib deine Mobilfunknummer ein" fr="Entrez votre téléphone portable" it="Inserisci il tuo telefono cellulare" ru="Введите свой мобильный телефон" ko="휴대 전화 입력"/>
<item key="BEInputCode" zh="请输入验证码" en="Verification Code" de="Verifizierungscode" fr="Captcha" it="Codice di verifica" ru="код подтверждения"/>
<item key="BESLogin" zh="绑定并登录" en="Bind and Login" de="Verknüpfen und Anmelden" fr="Liaison et Connexion" it="Associazione e login" ru="Привязка и вход в систему"/>
<item key="BEClause" zh="如果您已发送验证码后，长时间仍未收到邮件，请检查您的垃圾邮箱。" en="If you have sent a verification code and have not received an email for a long time, please check your junk mail." de="Wenn du die E-Mail längere Zeit nach dem Senden des Verifizierungscodes nicht erhalten hast, überprüfe bitte deine Spam." fr="Si vous n'avez pas reçu l'e-mail après une longue durée après avoir envoyé le code de vérification, veuillez vérifier votre messagerie de spam." it="Se non ricevi l'email da molto tempo dopo la richiesta, controlla la cartella spam." ru="Если вы не получили письмо в течение длительного времени после отправки проверочного кода, проверьте спам."/>
<item key="BDGoodsInfoguide1" zh="需要支付：" en="Need to Pay:" de="Muss bezahlen:" fr="Payable:" it="Da pagare:" ru="К оплате:"/>
<item key="BDGoodsInfoguide2" zh="请选择一种支付方式" en="Select a payment method" de="Bitte wähle eine Zahlungsmethode aus" fr="Veuillez choisir un mode de paiement" it="Scegli un metodo di pagamento" ru="Выберите способ оплаты"/>
<item key="WarmReminder" zh="温馨提醒" en="Warm Reminder" de="Warm Reminder" fr="Warm Reminder" it="Warm Reminder" ru="Warm Reminder"/>
<item key="MsPayErrorBefore" zh="您当前选择的国家或地区的货币存在较大的汇率问题，请先前往Windows设置中更改您的国家或地区设置，然后选用其他货币重新进行商品购买操作。" en="There is a significant currency exchange rate issue with the country or region you currently have selected. Please first navigate to Windows Settings to change your country or region settings, and then proceed with purchasing items again using a different currency." de="There is a significant currency exchange rate issue with the country or region you currently have selected. Please first navigate to Windows Settings to change your country or region settings, and then proceed with purchasing items again using a different currency." fr="There is a significant currency exchange rate issue with the country or region you currently have selected. Please first navigate to Windows Settings to change your country or region settings, and then proceed with purchasing items again using a different currency." it="There is a significant currency exchange rate issue with the country or region you currently have selected. Please first navigate to Windows Settings to change your country or region settings, and then proceed with purchasing items again using a different currency." ru="There is a significant currency exchange rate issue with the country or region you currently have selected. Please first navigate to Windows Settings to change your country or region settings, and then proceed with purchasing items again using a different currency."/>
<item key="MsPayErrorAfter" zh="您当前支付所使用的货币存在严重汇率误差，建议您通过微软官方网站对本笔订单申请退款。这样一来，您将不会收到该订单内的所有商品。如果您仍然希望购买这些商品，请更换其他货币重新下单购买。" en="There is a substantial currency exchange rate error with the currency currently being used for your payment. We recommend that you apply for a refund through Microsoft's official website for this order. As a result, you will not receive all the items within this order. If you still wish to purchase these goods, please place a new order using a different currency." de="There is a substantial currency exchange rate error with the currency currently being used for your payment. We recommend that you apply for a refund through Microsoft's official website for this order. As a result, you will not receive all the items within this order. If you still wish to purchase these goods, please place a new order using a different currency." fr="There is a substantial currency exchange rate error with the currency currently being used for your payment. We recommend that you apply for a refund through Microsoft's official website for this order. As a result, you will not receive all the items within this order. If you still wish to purchase these goods, please place a new order using a different currency." it="There is a substantial currency exchange rate error with the currency currently being used for your payment. We recommend that you apply for a refund through Microsoft's official website for this order. As a result, you will not receive all the items within this order. If you still wish to purchase these goods, please place a new order using a different currency." ru="There is a substantial currency exchange rate error with the currency currently being used for your payment. We recommend that you apply for a refund through Microsoft's official website for this order. As a result, you will not receive all the items within this order. If you still wish to purchase these goods, please place a new order using a different currency."/>
</Items>
</resources>